Title,Price,Date
ALEXANDRE DUMAS,500.00,2025-03-11
ALEXANDRE DUMAS,500.00,2025-03-11
ALEXANDRE DUMAS,500.00,2025-03-11
ALEXANDRE DUMAS,500.00,2025-03-11
ALEXANDRE DUMAS,500.00,2025-03-11
ALEXANDRE DUMAS,500.00,2025-03-11
ALEXANDRE DUMAS,500.00,2025-03-11
ALEXANDRE DUMAS,500.00,2025-03-11
ALEXANDRE DUMAS,500.00,2025-03-11
ALEXANDRE DUMAS,500.00,2025-03-11
ALEXANDRE DUMAS,500.00,2025-03-11
ALEXANDRE DUMAS,500.00,2025-03-11
ALEXANDRE DUMAS,500.00,2025-03-11
ALEXANDRE DUMAS,500.00,2025-03-11
